customer_id,billing_amount,avg_last_6_months,payment_delay_days,meter_reading,previous_reading,location_risk_score,num_complaints,is_fraud
1001.0,7470.0,3617.0,19.0,1441.0,11625.0,0.23,,1.0
1002.0,,1845.0,,15478.0,4917.0,0.02,5.0,0.0
1003.0,5590.0,1405.0,21.0,5628.0,2318.0,,5.0,
1004.0,5391.0,3230.0,17.0,,17146.0,0.97,,1.0
1005.0,5934.0,3072.0,7.0,10528.0,3400.0,0.14,0.0,0.0
1006.0,6465.0,3272.0,6.0,18332.0,14037.0,0.23,0.0,0.0
1007.0,666.0,2054.0,,12565.0,4354.0,0.87,1.0,1.0
1008.0,4626.0,4221.0,20.0,9179.0,16993.0,0.93,5.0,1.0
1009.0,5778.0,4862.0,15.0,17013.0,16053.0,0.42,1.0,0.0
1010.0,8522.0,2908.0,11.0,17843.0,16994.0,0.05,4.0,1.0
1011.0,1885.0,3702.0,,1392.0,2542.0,,3.0,0.0
1012.0,969.0,1532.0,19.0,13130.0,2106.0,0.57,5.0,0.0
1013.0,7149.0,401.0,1.0,19171.0,4649.0,0.39,3.0,1.0
1014.0,2633.0,3707.0,28.0,11449.0,13160.0,0.03,0.0,1.0
1015.0,5511.0,4412.0,,18522.0,13568.0,0.58,5.0,0.0
1016.0,5251.0,774.0,3.0,8418.0,13832.0,0.01,2.0,1.0
1017.0,6620.0,736.0,0.0,3454.0,4995.0,0.79,1.0,1.0
1018.0,1384.0,1825.0,22.0,18761.0,8419.0,0.31,1.0,1.0
1019.0,4755.0,2322.0,17.0,16223.0,10080.0,,5.0,1.0
1020.0,3585.0,585.0,12.0,7701.0,3442.0,0.59,0.0,1.0
1021.0,,3481.0,1.0,3597.0,10169.0,0.4,1.0,0.0
1022.0,8866.0,674.0,8.0,1141.0,15096.0,0.97,0.0,1.0
1023.0,9474.0,617.0,,3659.0,16238.0,0.54,4.0,1.0
1024.0,2758.0,,1.0,10031.0,16474.0,0.28,3.0,0.0
1025.0,8049.0,1154.0,26.0,16037.0,5557.0,0.71,2.0,1.0
1026.0,2247.0,1405.0,24.0,14970.0,3794.0,0.27,3.0,1.0
1027.0,,4959.0,,6661.0,16026.0,0.9,3.0,1.0
1028.0,9367.0,4320.0,0.0,7142.0,2071.0,0.37,4.0,
1029.0,389.0,2190.0,10.0,13109.0,2613.0,0.55,1.0,0.0
1030.0,2934.0,3772.0,,9787.0,9275.0,0.05,2.0,0.0
1031.0,3205.0,4580.0,19.0,11096.0,5196.0,0.43,1.0,0.0
1032.0,4858.0,4358.0,29.0,9472.0,10083.0,0.83,5.0,1.0
1033.0,2099.0,4957.0,22.0,17807.0,14118.0,0.81,3.0,1.0
1034.0,7934.0,,25.0,5249.0,18000.0,0.22,5.0,1.0
1035.0,1467.0,2403.0,3.0,15949.0,882.0,0.23,0.0,0.0
1036.0,1728.0,3320.0,17.0,,2720.0,0.82,3.0,1.0
1037.0,3756.0,1166.0,22.0,19351.0,8617.0,0.93,1.0,1.0
1038.0,4090.0,3632.0,5.0,5088.0,,0.1,3.0,0.0
1039.0,9038.0,888.0,2.0,16282.0,12136.0,0.45,0.0,1.0
1040.0,,4443.0,21.0,10641.0,16396.0,0.34,,1.0
1041.0,8992.0,3901.0,10.0,6075.0,,0.87,5.0,
1042.0,8633.0,541.0,14.0,11412.0,13705.0,0.08,5.0,1.0
1043.0,7713.0,1924.0,21.0,16686.0,9167.0,0.21,1.0,1.0
1044.0,2812.0,4622.0,27.0,8230.0,6085.0,0.75,3.0,1.0
1045.0,7241.0,1992.0,4.0,16432.0,11696.0,0.05,1.0,1.0
1046.0,9755.0,1959.0,,12002.0,5737.0,0.49,4.0,1.0
1047.0,6435.0,3412.0,9.0,14947.0,17553.0,0.44,3.0,0.0
1048.0,5686.0,1189.0,11.0,14686.0,13777.0,0.33,3.0,1.0
1049.0,7299.0,2462.0,14.0,,18963.0,0.39,1.0,1.0
1050.0,,2682.0,16.0,14074.0,8474.0,0.53,1.0,1.0
1051.0,975.0,1151.0,9.0,5493.0,18548.0,0.16,0.0,0.0
1052.0,8426.0,922.0,5.0,18317.0,4476.0,0.57,4.0,1.0
1053.0,3352.0,3589.0,17.0,2460.0,3226.0,0.81,0.0,1.0
1054.0,1785.0,2279.0,12.0,15140.0,3762.0,0.76,,0.0
1055.0,4143.0,2917.0,2.0,11704.0,1659.0,0.15,3.0,0.0
1056.0,7755.0,2532.0,29.0,17669.0,,0.15,1.0,1.0
1057.0,3273.0,3576.0,23.0,17648.0,4938.0,0.27,3.0,
1058.0,1221.0,4724.0,9.0,7816.0,3224.0,0.36,3.0,0.0
1059.0,4043.0,1700.0,29.0,12639.0,11209.0,0.41,2.0,1.0
1060.0,8189.0,485.0,13.0,15424.0,4817.0,0.68,5.0,1.0
1061.0,,3695.0,5.0,14965.0,11251.0,0.06,2.0,1.0
1062.0,7073.0,2265.0,2.0,19146.0,11078.0,0.03,3.0,1.0
1063.0,5875.0,968.0,15.0,12240.0,11796.0,0.39,1.0,1.0
1064.0,361.0,3257.0,6.0,1040.0,1934.0,0.7,3.0,0.0
1065.0,4497.0,4489.0,,6827.0,5919.0,0.19,5.0,0.0
1066.0,1195.0,2361.0,13.0,9259.0,6494.0,0.64,2.0,0.0
1067.0,,3493.0,8.0,18371.0,4964.0,,1.0,1.0
1068.0,9667.0,1146.0,14.0,15849.0,5839.0,0.89,3.0,1.0
1069.0,1216.0,3535.0,20.0,17232.0,15431.0,0.9,4.0,1.0
1070.0,8069.0,4350.0,2.0,8804.0,11242.0,,5.0,0.0
1071.0,6639.0,1681.0,1.0,6374.0,9052.0,0.23,5.0,1.0
1072.0,8092.0,2101.0,26.0,,18521.0,0.41,,1.0
1073.0,7063.0,3651.0,1.0,10277.0,18368.0,0.24,3.0,0.0
1074.0,8116.0,4264.0,2.0,19863.0,2351.0,0.67,5.0,0.0
1075.0,8729.0,,17.0,,13425.0,0.83,1.0,1.0
1076.0,1078.0,2023.0,13.0,1778.0,2429.0,0.67,3.0,
1077.0,9468.0,3662.0,19.0,2492.0,18710.0,0.82,3.0,1.0
1078.0,5087.0,3279.0,17.0,18044.0,2161.0,0.4,2.0,0.0
1079.0,5059.0,1032.0,9.0,18732.0,5170.0,0.16,5.0,1.0
1080.0,6531.0,4608.0,24.0,14615.0,6083.0,0.74,5.0,1.0
1081.0,8771.0,3006.0,1.0,13132.0,8410.0,0.36,4.0,1.0
1082.0,8884.0,2690.0,24.0,11178.0,11358.0,0.67,2.0,1.0
1083.0,7408.0,527.0,28.0,8851.0,15724.0,0.27,2.0,1.0
1084.0,5476.0,3510.0,,17288.0,15639.0,0.08,5.0,1.0
1085.0,2262.0,3500.0,0.0,8156.0,12749.0,0.99,3.0,1.0
1086.0,264.0,3875.0,3.0,3044.0,11426.0,0.16,2.0,0.0
1087.0,8206.0,3254.0,13.0,8368.0,2793.0,0.99,4.0,1.0
1088.0,2768.0,2343.0,0.0,14635.0,1669.0,0.98,2.0,1.0
1089.0,5663.0,1511.0,13.0,10168.0,1814.0,,4.0,1.0
1090.0,2227.0,3391.0,15.0,18111.0,10903.0,0.66,2.0,0.0
1091.0,2895.0,2738.0,21.0,,17786.0,,4.0,1.0
1092.0,9887.0,4183.0,13.0,14319.0,12813.0,0.87,2.0,1.0
1093.0,5458.0,4747.0,28.0,1342.0,1490.0,0.29,2.0,1.0
1094.0,5818.0,364.0,19.0,2447.0,17673.0,0.47,1.0,1.0
1095.0,6936.0,4477.0,2.0,7581.0,11548.0,0.62,4.0,0.0
,591.0,1022.0,2.0,12851.0,8824.0,0.41,4.0,0.0
1097.0,6092.0,1143.0,8.0,7317.0,17478.0,0.43,4.0,1.0
1098.0,,4625.0,5.0,17910.0,6288.0,0.33,0.0,0.0
1099.0,6384.0,974.0,24.0,11088.0,11835.0,0.56,2.0,
1100.0,3299.0,2398.0,12.0,13946.0,,0.85,4.0,1.0
1101.0,6478.0,3356.0,20.0,17789.0,3617.0,0.2,5.0,
1102.0,8592.0,4442.0,1.0,15567.0,5258.0,0.93,0.0,1.0
1103.0,3304.0,3895.0,7.0,15868.0,6107.0,0.69,,0.0
1104.0,7415.0,3652.0,20.0,10765.0,9733.0,0.82,4.0,1.0
1105.0,2654.0,1114.0,1.0,13466.0,17863.0,0.56,4.0,1.0
1106.0,9196.0,1508.0,3.0,19230.0,11459.0,0.78,0.0,1.0
1107.0,2931.0,4377.0,24.0,18862.0,6538.0,0.02,2.0,1.0
1108.0,8354.0,713.0,14.0,11587.0,6468.0,0.82,5.0,1.0
1109.0,9962.0,2120.0,3.0,1771.0,15227.0,0.04,1.0,1.0
1110.0,5256.0,3794.0,12.0,17300.0,8497.0,0.89,4.0,1.0
1111.0,8310.0,1609.0,27.0,9770.0,17246.0,0.99,2.0,1.0
1112.0,4040.0,4766.0,11.0,12093.0,8629.0,0.29,5.0,0.0
1113.0,1228.0,3390.0,27.0,14803.0,11551.0,0.21,5.0,1.0
1114.0,7585.0,4691.0,12.0,1193.0,14250.0,0.77,1.0,0.0
1115.0,702.0,1755.0,13.0,3007.0,8152.0,0.25,3.0,
1116.0,7110.0,1004.0,19.0,18569.0,14316.0,0.87,5.0,1.0
1117.0,9262.0,1479.0,17.0,19778.0,9126.0,0.1,3.0,1.0
1118.0,7138.0,3777.0,,12190.0,4444.0,0.13,5.0,1.0
1119.0,4688.0,3101.0,27.0,10984.0,8803.0,0.98,1.0,
1120.0,406.0,1587.0,5.0,10302.0,4078.0,0.67,0.0,0.0
1121.0,,4888.0,28.0,8429.0,8096.0,0.85,1.0,1.0
1122.0,6177.0,2961.0,10.0,3261.0,3874.0,0.32,1.0,1.0
1123.0,7921.0,2879.0,29.0,7716.0,14061.0,0.68,,1.0
1124.0,,2306.0,1.0,9921.0,11973.0,0.59,0.0,
1125.0,1684.0,4423.0,27.0,5378.0,9112.0,0.6,2.0,1.0
1126.0,8058.0,2968.0,22.0,8815.0,2437.0,0.68,5.0,1.0
1127.0,1063.0,4153.0,18.0,,14452.0,0.58,2.0,0.0
1128.0,2990.0,3386.0,18.0,13728.0,5903.0,0.43,0.0,
1129.0,7608.0,3480.0,4.0,11332.0,17828.0,,3.0,1.0
1130.0,8955.0,2773.0,18.0,10836.0,2832.0,0.77,3.0,1.0
1131.0,,4816.0,1.0,3800.0,3561.0,0.23,1.0,0.0
1132.0,6219.0,2799.0,9.0,9333.0,15995.0,0.69,4.0,1.0
1133.0,1957.0,,24.0,6410.0,17425.0,0.23,,1.0
1134.0,7774.0,436.0,1.0,18839.0,3468.0,0.63,1.0,1.0
1135.0,6574.0,1504.0,29.0,6808.0,15438.0,0.75,4.0,
1136.0,7092.0,3630.0,10.0,7796.0,16754.0,0.22,5.0,0.0
1137.0,1878.0,1501.0,17.0,11288.0,17986.0,0.06,0.0,0.0
1138.0,3442.0,2741.0,28.0,,13156.0,0.13,3.0,1.0
1139.0,4836.0,2251.0,23.0,,995.0,0.61,,
1140.0,1259.0,,14.0,5650.0,2987.0,0.85,4.0,1.0
1141.0,6868.0,2276.0,8.0,5987.0,12507.0,0.04,2.0,1.0
1142.0,3357.0,3380.0,22.0,16200.0,3130.0,0.73,1.0,1.0
1143.0,6115.0,,18.0,5697.0,4406.0,0.34,3.0,1.0
1144.0,9989.0,3998.0,8.0,17724.0,860.0,,0.0,1.0
,2893.0,1004.0,2.0,4828.0,,0.93,1.0,1.0
1146.0,3827.0,274.0,20.0,19352.0,4727.0,0.33,1.0,1.0
1147.0,9755.0,2375.0,8.0,18087.0,,0.47,5.0,1.0
1148.0,5650.0,4124.0,27.0,,14422.0,0.01,4.0,1.0
1149.0,1863.0,2289.0,29.0,6482.0,14925.0,0.08,2.0,1.0
1150.0,9921.0,240.0,13.0,19184.0,3391.0,0.26,2.0,1.0
1151.0,5792.0,2281.0,18.0,,12927.0,0.03,0.0,1.0
1152.0,7592.0,4883.0,6.0,14860.0,16548.0,0.63,3.0,0.0
1153.0,1506.0,,15.0,5912.0,,0.43,0.0,0.0
1154.0,6976.0,541.0,15.0,5648.0,2000.0,0.55,1.0,1.0
1155.0,6064.0,4252.0,27.0,1855.0,16521.0,0.17,1.0,1.0
1156.0,9674.0,2274.0,0.0,3866.0,11887.0,,2.0,1.0
1157.0,7726.0,845.0,3.0,12834.0,7772.0,0.66,3.0,1.0
1158.0,9101.0,4463.0,3.0,17294.0,936.0,0.97,4.0,1.0
1159.0,5775.0,809.0,6.0,17566.0,18213.0,0.05,3.0,1.0
1160.0,5730.0,654.0,7.0,4112.0,16146.0,0.89,1.0,1.0
1161.0,4613.0,3153.0,16.0,5492.0,1461.0,0.58,4.0,0.0
1162.0,3948.0,1908.0,4.0,16114.0,3272.0,0.56,3.0,1.0
1163.0,863.0,3672.0,6.0,2517.0,886.0,0.5,3.0,0.0
1164.0,2198.0,3169.0,27.0,17018.0,11504.0,0.07,4.0,1.0
1165.0,8194.0,3228.0,19.0,18740.0,7019.0,0.09,1.0,
1166.0,1695.0,4997.0,28.0,12431.0,17122.0,0.6,3.0,1.0
1167.0,3504.0,2881.0,19.0,9210.0,15549.0,0.34,4.0,0.0
1168.0,3963.0,3829.0,3.0,,7768.0,0.92,5.0,1.0
1169.0,5432.0,4425.0,27.0,13871.0,14396.0,0.41,5.0,1.0
,2053.0,3267.0,5.0,13743.0,2500.0,,1.0,0.0
1171.0,6785.0,1586.0,6.0,10324.0,3500.0,,4.0,1.0
1172.0,1491.0,3976.0,17.0,12531.0,12621.0,0.29,5.0,0.0
1173.0,3781.0,3066.0,4.0,7588.0,18831.0,0.53,4.0,0.0
1174.0,7754.0,4988.0,19.0,4311.0,6320.0,0.7,3.0,0.0
1175.0,7480.0,3563.0,29.0,1987.0,12310.0,0.9,1.0,1.0
1176.0,1836.0,4324.0,28.0,4321.0,4487.0,0.79,5.0,1.0
,3896.0,348.0,2.0,16812.0,17780.0,0.68,3.0,1.0
1178.0,898.0,4050.0,6.0,5615.0,9637.0,0.68,0.0,0.0
1179.0,4937.0,2258.0,26.0,16512.0,15755.0,0.95,0.0,1.0
1180.0,1054.0,1336.0,27.0,14146.0,12081.0,0.3,1.0,1.0
1181.0,8364.0,386.0,21.0,14654.0,14717.0,0.0,5.0,1.0
1182.0,6055.0,3054.0,13.0,4052.0,5557.0,,5.0,
1183.0,7592.0,1450.0,6.0,1726.0,13845.0,0.22,5.0,1.0
1184.0,6728.0,1533.0,4.0,4760.0,,0.66,4.0,1.0
1185.0,5449.0,4393.0,28.0,2875.0,5533.0,0.63,3.0,1.0
1186.0,5372.0,4350.0,21.0,14969.0,7881.0,0.59,5.0,1.0
1187.0,1907.0,2911.0,4.0,5033.0,9490.0,0.02,3.0,0.0
1188.0,5991.0,4701.0,29.0,6443.0,2473.0,0.73,1.0,1.0
1189.0,5735.0,1985.0,22.0,18373.0,15118.0,0.32,5.0,1.0
,,950.0,1.0,4744.0,,0.67,1.0,1.0
1191.0,3710.0,1962.0,29.0,17977.0,14345.0,0.56,5.0,1.0
1192.0,402.0,4120.0,26.0,2774.0,12603.0,0.34,0.0,1.0
,4418.0,,20.0,11651.0,3094.0,0.13,2.0,0.0
1194.0,9158.0,681.0,21.0,1935.0,4430.0,0.09,1.0,1.0
1195.0,,353.0,5.0,14395.0,15893.0,0.83,5.0,1.0
1196.0,2527.0,1724.0,14.0,4808.0,17330.0,0.92,2.0,1.0
1197.0,8204.0,2320.0,20.0,17715.0,15253.0,0.65,1.0,1.0
1198.0,3131.0,2543.0,9.0,12641.0,12974.0,0.1,4.0,0.0
1199.0,7977.0,1440.0,,15376.0,4253.0,0.4,5.0,1.0
1200.0,397.0,260.0,25.0,6889.0,5307.0,0.73,4.0,1.0
1201.0,7325.0,1138.0,23.0,6054.0,11402.0,0.78,0.0,1.0
1202.0,2130.0,,6.0,4868.0,6428.0,0.12,5.0,0.0
1203.0,6487.0,4320.0,4.0,17585.0,9128.0,0.0,0.0,0.0
1204.0,9000.0,4426.0,0.0,19881.0,16334.0,,2.0,1.0
1205.0,9539.0,3769.0,12.0,2842.0,4352.0,0.36,1.0,1.0
1206.0,,1452.0,20.0,11058.0,17202.0,0.25,3.0,1.0
1207.0,2711.0,4403.0,25.0,10101.0,3042.0,0.01,0.0,1.0
1208.0,859.0,371.0,17.0,13497.0,15465.0,0.54,3.0,1.0
1209.0,3011.0,1658.0,,5658.0,5897.0,0.85,3.0,1.0
1210.0,7298.0,3749.0,20.0,12381.0,9440.0,0.96,1.0,1.0
1211.0,6746.0,4397.0,20.0,8544.0,2748.0,0.57,2.0,0.0
1212.0,9761.0,2522.0,17.0,8718.0,6418.0,,1.0,1.0
1213.0,2186.0,1836.0,4.0,14851.0,5036.0,0.09,5.0,0.0
1214.0,8538.0,3315.0,12.0,18154.0,2720.0,0.55,0.0,1.0
1215.0,3111.0,4290.0,3.0,12777.0,11969.0,0.38,3.0,0.0
1216.0,1934.0,3204.0,16.0,2628.0,4988.0,0.61,1.0,0.0
1217.0,2043.0,529.0,2.0,1386.0,13007.0,0.39,1.0,1.0
1218.0,8880.0,3840.0,16.0,7031.0,1038.0,0.24,1.0,1.0
1219.0,3176.0,4094.0,27.0,7439.0,1004.0,0.09,0.0,1.0
1220.0,2159.0,4307.0,,14392.0,11599.0,0.31,2.0,0.0
1221.0,5959.0,1541.0,20.0,19850.0,6352.0,0.1,1.0,1.0
1222.0,6894.0,3863.0,19.0,3282.0,,0.18,0.0,0.0
1223.0,2585.0,415.0,22.0,2856.0,11964.0,0.99,3.0,1.0
1224.0,4936.0,538.0,20.0,16670.0,,0.44,5.0,1.0
1225.0,2002.0,4262.0,25.0,2998.0,16441.0,0.53,4.0,1.0
1226.0,8355.0,2908.0,29.0,6476.0,6960.0,0.87,0.0,1.0
1227.0,8320.0,3352.0,3.0,10428.0,16610.0,1.0,4.0,1.0
1228.0,6816.0,1950.0,1.0,5669.0,,0.58,1.0,1.0
1229.0,5734.0,2621.0,19.0,13336.0,1616.0,0.81,1.0,1.0
1230.0,4261.0,909.0,15.0,10342.0,14214.0,0.33,0.0,1.0
1231.0,462.0,3926.0,27.0,8064.0,992.0,0.31,4.0,1.0
1232.0,6487.0,3842.0,17.0,8446.0,18960.0,0.4,1.0,0.0
1233.0,9015.0,4193.0,7.0,18815.0,4445.0,0.67,3.0,1.0
1234.0,9408.0,688.0,2.0,6624.0,13616.0,0.68,2.0,1.0
1235.0,2249.0,246.0,8.0,8461.0,7114.0,0.32,2.0,1.0
1236.0,5623.0,3559.0,28.0,2819.0,18972.0,0.13,1.0,1.0
1237.0,4748.0,600.0,,11516.0,8174.0,0.63,,1.0
1238.0,3308.0,4190.0,28.0,14749.0,4500.0,0.13,5.0,1.0
1239.0,7358.0,3357.0,5.0,18514.0,11455.0,0.58,1.0,1.0
,7600.0,4545.0,9.0,3658.0,15929.0,0.69,5.0,0.0
1241.0,3370.0,590.0,20.0,4500.0,,0.7,5.0,1.0
1242.0,2455.0,4053.0,9.0,3120.0,4693.0,0.75,4.0,0.0
1243.0,1354.0,,12.0,5020.0,7611.0,0.87,5.0,1.0
1244.0,4699.0,828.0,16.0,11213.0,10088.0,0.5,3.0,1.0
1245.0,6495.0,4432.0,8.0,4259.0,1304.0,0.73,4.0,0.0
1246.0,6397.0,3130.0,16.0,11081.0,10613.0,0.62,1.0,1.0
,1848.0,1721.0,23.0,2823.0,15471.0,0.19,3.0,1.0
1248.0,5739.0,1026.0,8.0,,11538.0,0.03,0.0,1.0
1249.0,9837.0,1700.0,8.0,19626.0,11986.0,0.28,2.0,1.0
1250.0,4399.0,3494.0,0.0,14467.0,7573.0,0.44,1.0,0.0
1251.0,8645.0,,1.0,7990.0,4616.0,0.62,1.0,1.0
1252.0,2757.0,1134.0,27.0,4134.0,1517.0,0.85,1.0,1.0
1253.0,5792.0,3242.0,15.0,19454.0,12476.0,0.2,3.0,0.0
1254.0,298.0,4697.0,28.0,17743.0,5234.0,,0.0,1.0
1255.0,,1666.0,0.0,16434.0,17842.0,0.96,4.0,1.0
1256.0,,,9.0,16007.0,5857.0,0.11,0.0,0.0
1257.0,5173.0,814.0,17.0,11233.0,5794.0,0.48,,1.0
1258.0,4633.0,1382.0,25.0,17378.0,5034.0,0.59,1.0,1.0
1259.0,3069.0,3423.0,27.0,2141.0,4564.0,0.54,2.0,1.0
1260.0,,2867.0,7.0,19019.0,11981.0,0.09,1.0,0.0
1261.0,8552.0,330.0,,11135.0,5437.0,0.06,4.0,1.0
,5899.0,3183.0,27.0,13966.0,,0.11,5.0,1.0
1263.0,7144.0,4478.0,10.0,,10247.0,0.59,2.0,0.0
1264.0,,4659.0,22.0,8835.0,11474.0,0.54,1.0,1.0
1265.0,9692.0,238.0,1.0,12172.0,9185.0,0.23,2.0,1.0
,5111.0,4159.0,7.0,17390.0,12799.0,0.64,5.0,0.0
1267.0,4187.0,3787.0,26.0,4267.0,4519.0,0.82,0.0,1.0
1268.0,9919.0,1120.0,21.0,7564.0,3381.0,,3.0,1.0
1269.0,6215.0,2969.0,7.0,19990.0,3563.0,0.5,1.0,1.0
1270.0,1418.0,4311.0,16.0,12411.0,6791.0,0.69,4.0,0.0
1271.0,4696.0,692.0,14.0,6906.0,11331.0,0.25,0.0,1.0
1272.0,4935.0,1331.0,16.0,17028.0,11864.0,0.31,1.0,1.0
1273.0,4755.0,3721.0,27.0,8611.0,12112.0,0.61,0.0,1.0
1274.0,9346.0,510.0,22.0,18297.0,,0.9,4.0,1.0
1275.0,8250.0,938.0,,3011.0,4977.0,0.81,1.0,1.0
1276.0,3646.0,3441.0,12.0,18826.0,15969.0,0.58,5.0,0.0
1277.0,1245.0,745.0,18.0,12246.0,7276.0,0.73,5.0,0.0
1278.0,7093.0,2661.0,4.0,14790.0,3182.0,0.36,4.0,1.0
1279.0,,4546.0,11.0,12738.0,17715.0,0.64,2.0,0.0
1280.0,,2004.0,0.0,15730.0,13308.0,0.47,4.0,
1281.0,8954.0,3412.0,22.0,12120.0,1434.0,0.19,2.0,1.0
1282.0,,4010.0,4.0,19213.0,12796.0,0.7,1.0,0.0
1283.0,3554.0,1013.0,7.0,9767.0,14962.0,0.56,2.0,1.0
1284.0,425.0,4324.0,12.0,14703.0,17186.0,0.36,,0.0
1285.0,5093.0,2232.0,7.0,1929.0,14805.0,0.91,1.0,1.0
1286.0,7222.0,4772.0,24.0,12951.0,9197.0,0.02,3.0,1.0
1287.0,9351.0,4613.0,22.0,16845.0,13127.0,0.32,1.0,1.0
1288.0,5800.0,444.0,10.0,18438.0,15194.0,0.06,2.0,1.0
1289.0,8196.0,4992.0,0.0,16747.0,3690.0,0.77,3.0,0.0
1290.0,9207.0,471.0,12.0,6744.0,11658.0,0.7,3.0,1.0
1291.0,7883.0,3711.0,18.0,19284.0,8826.0,0.33,1.0,1.0
1292.0,4842.0,1971.0,23.0,10649.0,4106.0,0.68,4.0,1.0
1293.0,7879.0,1462.0,2.0,7980.0,1697.0,0.4,4.0,
1294.0,,2624.0,23.0,8069.0,10077.0,0.76,5.0,1.0
1295.0,7539.0,4561.0,16.0,10591.0,10271.0,0.45,3.0,0.0
1296.0,9635.0,1120.0,4.0,1442.0,15696.0,0.41,1.0,1.0
1297.0,2405.0,3630.0,19.0,5652.0,16040.0,0.93,4.0,1.0
1298.0,1269.0,4635.0,20.0,10370.0,15483.0,0.25,1.0,0.0
1299.0,3644.0,4684.0,7.0,8597.0,1470.0,0.12,1.0,0.0
1300.0,1260.0,2824.0,25.0,15325.0,18689.0,0.58,3.0,1.0
1301.0,2527.0,3960.0,13.0,5458.0,12567.0,0.97,5.0,1.0
1302.0,3620.0,2250.0,3.0,7591.0,13806.0,0.38,3.0,0.0
1303.0,501.0,3700.0,10.0,17346.0,16568.0,0.06,0.0,0.0
1304.0,806.0,1365.0,19.0,12826.0,17433.0,0.34,4.0,0.0
1305.0,3370.0,575.0,14.0,19693.0,2692.0,0.51,4.0,1.0
1306.0,899.0,2233.0,18.0,15138.0,4239.0,0.16,4.0,0.0
1307.0,5288.0,345.0,6.0,18294.0,3654.0,0.66,2.0,1.0
1308.0,9531.0,4588.0,18.0,3169.0,12377.0,1.0,1.0,1.0
1309.0,390.0,631.0,,19556.0,12563.0,0.45,3.0,1.0
1310.0,1180.0,904.0,18.0,7313.0,12418.0,0.35,4.0,0.0
1311.0,3175.0,2832.0,10.0,9315.0,,0.4,0.0,0.0
1312.0,,4694.0,25.0,9036.0,3418.0,0.12,4.0,1.0
1313.0,1384.0,1163.0,4.0,,3963.0,0.88,5.0,1.0
1314.0,3527.0,2434.0,4.0,7139.0,3742.0,0.41,1.0,0.0
1315.0,3594.0,2241.0,,7344.0,2725.0,0.39,1.0,1.0
1316.0,8519.0,2028.0,21.0,19800.0,3772.0,0.66,3.0,1.0
1317.0,2016.0,2308.0,7.0,15973.0,12505.0,0.44,2.0,0.0
1318.0,6054.0,4268.0,9.0,6619.0,11440.0,0.65,3.0,0.0
1319.0,6909.0,1138.0,5.0,2936.0,11766.0,0.06,4.0,1.0
1320.0,769.0,1006.0,14.0,4807.0,18174.0,0.81,,1.0
1321.0,5642.0,1663.0,15.0,8151.0,11938.0,0.94,0.0,1.0
1322.0,2095.0,3615.0,27.0,10493.0,18996.0,0.65,3.0,1.0
1323.0,2933.0,210.0,16.0,13355.0,16735.0,0.95,,1.0
1324.0,4063.0,2068.0,7.0,4236.0,13945.0,0.15,3.0,0.0
1325.0,7655.0,1084.0,7.0,16848.0,1289.0,0.48,1.0,1.0
1326.0,4214.0,3764.0,24.0,3352.0,12548.0,0.6,4.0,1.0
1327.0,1886.0,1589.0,8.0,2932.0,4316.0,0.58,4.0,0.0
1328.0,3209.0,3601.0,1.0,11913.0,7210.0,0.4,4.0,0.0
1329.0,8006.0,4521.0,14.0,9556.0,853.0,0.34,4.0,0.0
1330.0,354.0,1024.0,17.0,6498.0,17799.0,0.13,4.0,0.0
1331.0,1609.0,2465.0,2.0,11582.0,6744.0,0.39,4.0,0.0
1332.0,984.0,1136.0,16.0,18330.0,8204.0,0.16,0.0,0.0
1333.0,8296.0,3000.0,3.0,14865.0,1754.0,0.73,2.0,1.0
1334.0,7760.0,2753.0,29.0,10569.0,11425.0,0.21,4.0,1.0
1335.0,7543.0,4045.0,3.0,18823.0,2429.0,0.06,2.0,0.0
1336.0,7406.0,1996.0,13.0,5857.0,11773.0,0.55,5.0,
1337.0,5796.0,253.0,8.0,1340.0,7659.0,0.6,4.0,1.0
1338.0,6001.0,926.0,8.0,12181.0,9641.0,0.87,3.0,1.0
1339.0,3006.0,2936.0,24.0,17766.0,,,4.0,1.0
1340.0,737.0,3370.0,25.0,9491.0,13482.0,0.35,1.0,1.0
1341.0,6186.0,2113.0,22.0,1138.0,4078.0,0.8,0.0,1.0
1342.0,2041.0,1796.0,29.0,1358.0,7339.0,0.54,3.0,1.0
1343.0,8916.0,2114.0,17.0,10714.0,17554.0,,3.0,1.0
1344.0,7171.0,2666.0,9.0,2627.0,1657.0,0.57,1.0,1.0
,5825.0,2937.0,20.0,16996.0,5686.0,0.91,4.0,1.0
1346.0,3150.0,1049.0,3.0,6004.0,13745.0,0.4,0.0,1.0
1347.0,8192.0,,11.0,14283.0,8285.0,0.3,3.0,1.0
,4980.0,202.0,26.0,7652.0,14480.0,0.14,0.0,
1349.0,2568.0,4455.0,7.0,,17567.0,0.15,3.0,0.0
1350.0,6855.0,4269.0,1.0,10429.0,15197.0,0.43,4.0,0.0
1351.0,8373.0,1092.0,21.0,,11544.0,0.6,5.0,1.0
1352.0,4695.0,2230.0,12.0,12927.0,5134.0,,3.0,1.0
1353.0,9363.0,3360.0,20.0,7905.0,13026.0,0.94,5.0,1.0
1354.0,6202.0,2576.0,15.0,13452.0,14240.0,0.76,3.0,1.0
1355.0,6814.0,4875.0,27.0,17212.0,15820.0,0.59,2.0,1.0
1356.0,9558.0,2133.0,1.0,19951.0,5051.0,0.83,4.0,1.0
1357.0,6119.0,1580.0,10.0,2307.0,12980.0,0.08,1.0,1.0
1358.0,,3881.0,9.0,15852.0,16940.0,,5.0,0.0
1359.0,4346.0,1490.0,14.0,3660.0,1722.0,0.63,1.0,1.0
1360.0,3969.0,1840.0,16.0,11403.0,8757.0,0.83,4.0,1.0
1361.0,774.0,2882.0,7.0,11238.0,16596.0,0.78,1.0,0.0
1362.0,1348.0,1187.0,17.0,7207.0,2030.0,0.28,4.0,0.0
1363.0,6493.0,1418.0,22.0,2140.0,11427.0,0.94,1.0,1.0
1364.0,6657.0,1555.0,8.0,2708.0,10806.0,0.12,5.0,
1365.0,7709.0,4465.0,24.0,4630.0,5733.0,0.88,2.0,1.0
1366.0,4977.0,4816.0,7.0,11485.0,15095.0,0.97,1.0,1.0
1367.0,4054.0,4335.0,26.0,13021.0,17177.0,0.18,5.0,1.0
1368.0,2691.0,,13.0,17859.0,1003.0,0.72,3.0,0.0
1369.0,3324.0,1618.0,,8684.0,17344.0,,4.0,1.0
1370.0,5891.0,1154.0,25.0,2207.0,16699.0,0.41,0.0,1.0
1371.0,3251.0,1183.0,24.0,14331.0,4548.0,,0.0,1.0
1372.0,204.0,1174.0,17.0,2960.0,7518.0,0.58,4.0,0.0
1373.0,5422.0,4333.0,21.0,1557.0,1893.0,0.94,2.0,1.0
1374.0,5515.0,4172.0,19.0,16883.0,16028.0,0.67,1.0,0.0
1375.0,5069.0,1113.0,29.0,14893.0,,0.48,2.0,1.0
1376.0,1076.0,4749.0,19.0,,6510.0,0.81,0.0,1.0
1377.0,9383.0,236.0,20.0,5761.0,10532.0,0.95,5.0,1.0
,7227.0,3587.0,11.0,6867.0,3991.0,0.02,4.0,1.0
1379.0,4342.0,1911.0,18.0,13869.0,1489.0,0.98,4.0,1.0
1380.0,7166.0,3220.0,13.0,8166.0,2903.0,0.09,2.0,1.0
1381.0,7279.0,995.0,16.0,13982.0,1165.0,0.81,5.0,1.0
1382.0,8187.0,4236.0,23.0,8929.0,14810.0,0.28,2.0,1.0
1383.0,6999.0,4888.0,,6347.0,12567.0,0.13,1.0,0.0
1384.0,4665.0,3311.0,2.0,8269.0,16903.0,0.44,3.0,
1385.0,835.0,1524.0,25.0,14527.0,13542.0,0.64,5.0,1.0
1386.0,1893.0,517.0,29.0,3454.0,13191.0,0.38,3.0,1.0
1387.0,4952.0,2596.0,22.0,19330.0,4972.0,0.05,1.0,1.0
1388.0,8511.0,2362.0,6.0,,,0.6,3.0,1.0
1389.0,1030.0,2945.0,16.0,3808.0,3178.0,0.9,0.0,1.0
1390.0,5377.0,1791.0,11.0,7642.0,18389.0,0.38,3.0,1.0
1391.0,9761.0,3311.0,8.0,4825.0,12831.0,0.22,1.0,1.0
1392.0,9132.0,4130.0,14.0,4536.0,6469.0,0.44,3.0,1.0
1393.0,8508.0,2196.0,17.0,16309.0,3535.0,0.05,4.0,1.0
1394.0,6149.0,1512.0,20.0,4802.0,10667.0,0.82,2.0,1.0
1395.0,3038.0,1485.0,12.0,19354.0,9290.0,0.83,0.0,1.0
1396.0,1350.0,4511.0,29.0,7142.0,1756.0,0.59,4.0,1.0
1397.0,7760.0,2583.0,20.0,10094.0,10106.0,0.35,4.0,1.0
1398.0,2131.0,3439.0,29.0,1364.0,7423.0,0.8,1.0,
1399.0,9404.0,2339.0,7.0,16688.0,15708.0,0.55,2.0,1.0
1400.0,1864.0,1904.0,13.0,,18658.0,0.83,2.0,1.0
1401.0,1281.0,562.0,7.0,17499.0,5260.0,0.63,5.0,1.0
1402.0,712.0,2804.0,13.0,8084.0,14786.0,0.78,0.0,0.0
1403.0,8005.0,1916.0,6.0,9016.0,13438.0,0.6,1.0,1.0
1404.0,5437.0,4651.0,22.0,3384.0,3650.0,0.41,0.0,1.0
1405.0,759.0,4486.0,11.0,16072.0,14099.0,0.96,5.0,1.0
1406.0,3872.0,3938.0,10.0,4935.0,11498.0,0.54,3.0,
1407.0,7604.0,2669.0,21.0,14127.0,5394.0,0.61,4.0,1.0
1408.0,3543.0,4995.0,,15482.0,15082.0,0.22,0.0,1.0
1409.0,4270.0,756.0,10.0,8742.0,17085.0,0.63,4.0,1.0
1410.0,9862.0,1025.0,24.0,17165.0,15134.0,0.57,1.0,1.0
,780.0,3008.0,21.0,3490.0,7444.0,0.18,3.0,1.0
1412.0,7204.0,4721.0,,14324.0,3650.0,0.06,1.0,1.0
1413.0,8330.0,2919.0,28.0,19108.0,15733.0,0.6,3.0,1.0
1414.0,3347.0,,12.0,2137.0,965.0,0.76,3.0,0.0
1415.0,4449.0,3941.0,17.0,4420.0,11501.0,0.52,4.0,
1416.0,1879.0,1774.0,1.0,6845.0,1719.0,0.23,1.0,0.0
,3706.0,4198.0,28.0,4906.0,9105.0,0.67,1.0,1.0
1418.0,7453.0,2329.0,20.0,,18175.0,0.08,0.0,1.0
1419.0,2944.0,2603.0,14.0,1276.0,,0.44,1.0,0.0
1420.0,,3529.0,19.0,19383.0,4639.0,0.16,0.0,1.0
1421.0,5388.0,788.0,26.0,18611.0,18442.0,0.18,2.0,1.0
1422.0,2341.0,2212.0,17.0,7337.0,12418.0,0.2,2.0,
1423.0,6817.0,1747.0,14.0,12944.0,14319.0,0.39,2.0,1.0
,2679.0,494.0,18.0,16906.0,11576.0,0.05,5.0,1.0
1425.0,6684.0,2185.0,22.0,18079.0,867.0,0.4,,1.0
1426.0,7621.0,3317.0,23.0,,10588.0,0.51,5.0,1.0
1427.0,4652.0,1890.0,11.0,11503.0,6460.0,0.48,1.0,1.0
1428.0,6081.0,1336.0,12.0,5208.0,5278.0,0.38,0.0,1.0
1429.0,6865.0,2264.0,21.0,12590.0,9010.0,0.84,5.0,1.0
1430.0,3049.0,4655.0,10.0,11886.0,11722.0,0.15,5.0,0.0
1431.0,7590.0,4995.0,4.0,13866.0,4321.0,0.51,5.0,0.0
1432.0,7105.0,,28.0,2088.0,1372.0,0.06,3.0,1.0
1433.0,2689.0,4970.0,0.0,4363.0,7882.0,0.07,0.0,
1434.0,9407.0,1207.0,23.0,1024.0,6195.0,0.57,2.0,1.0
,9740.0,2714.0,2.0,10764.0,16207.0,0.57,0.0,1.0
1436.0,4811.0,3726.0,21.0,10959.0,11894.0,0.88,3.0,1.0
1437.0,3039.0,4881.0,18.0,13935.0,1450.0,0.56,1.0,0.0
1438.0,8727.0,1447.0,22.0,9068.0,6541.0,0.96,,1.0
1439.0,6078.0,4102.0,28.0,19619.0,14081.0,0.05,5.0,
1440.0,9287.0,,29.0,8295.0,7638.0,0.1,2.0,1.0
1441.0,6503.0,771.0,6.0,9392.0,4062.0,0.04,2.0,1.0
1442.0,1051.0,2582.0,11.0,,18522.0,0.19,1.0,0.0
1443.0,1887.0,1445.0,14.0,9448.0,5796.0,0.54,0.0,0.0
1444.0,7033.0,2284.0,24.0,11433.0,12626.0,0.65,3.0,1.0
1445.0,2627.0,477.0,4.0,16038.0,3627.0,0.05,1.0,1.0
1446.0,9960.0,2087.0,,12528.0,15011.0,0.95,0.0,1.0
1447.0,4200.0,4779.0,7.0,16743.0,6032.0,0.84,4.0,1.0
1448.0,5252.0,1465.0,9.0,9605.0,3017.0,0.3,2.0,1.0
1449.0,2938.0,1240.0,25.0,3014.0,15032.0,0.08,3.0,1.0
1450.0,,1117.0,15.0,2381.0,14826.0,0.17,5.0,1.0
1451.0,5587.0,1085.0,7.0,2098.0,14678.0,0.13,,1.0
1452.0,8202.0,2952.0,0.0,10101.0,7637.0,0.12,5.0,1.0
,5736.0,,11.0,1187.0,7831.0,,3.0,1.0
1454.0,4113.0,,4.0,12948.0,15606.0,0.25,2.0,0.0
1455.0,1266.0,3391.0,2.0,11207.0,4516.0,0.36,5.0,0.0
1456.0,7923.0,2553.0,0.0,3092.0,4214.0,0.99,0.0,1.0
1457.0,4580.0,4999.0,3.0,19514.0,18632.0,0.68,5.0,0.0
1458.0,4307.0,886.0,7.0,6242.0,1370.0,0.95,1.0,1.0
1459.0,5926.0,484.0,2.0,9549.0,14088.0,0.14,0.0,1.0
1460.0,3573.0,3947.0,9.0,6185.0,1717.0,,1.0,0.0
1461.0,9145.0,962.0,1.0,16271.0,10866.0,0.55,,
1462.0,2282.0,2628.0,10.0,6776.0,7782.0,0.08,0.0,0.0
1463.0,9167.0,2707.0,24.0,,7136.0,0.0,3.0,1.0
1464.0,6948.0,228.0,9.0,8823.0,18862.0,0.67,4.0,1.0
1465.0,617.0,1106.0,,16717.0,17799.0,0.64,3.0,0.0
1466.0,8506.0,3304.0,13.0,8355.0,10741.0,0.41,3.0,1.0
1467.0,9008.0,4199.0,6.0,7465.0,13180.0,0.49,1.0,
1468.0,4174.0,3194.0,26.0,13737.0,12467.0,0.42,5.0,1.0
,3467.0,2706.0,26.0,18881.0,5329.0,0.02,4.0,1.0
1470.0,1025.0,4865.0,1.0,14324.0,18319.0,0.34,3.0,0.0
1471.0,7868.0,3809.0,8.0,11350.0,12992.0,0.18,,1.0
,5945.0,3753.0,15.0,3555.0,9366.0,0.1,4.0,0.0
1473.0,9908.0,1653.0,12.0,3951.0,8026.0,0.96,4.0,1.0
1474.0,612.0,3556.0,8.0,18622.0,5962.0,0.6,0.0,
1475.0,7743.0,715.0,19.0,5727.0,17390.0,0.73,1.0,1.0
1476.0,7787.0,238.0,3.0,6686.0,2119.0,0.32,4.0,1.0
1477.0,928.0,,21.0,4701.0,1941.0,0.39,4.0,1.0
1478.0,7364.0,1086.0,9.0,3780.0,5427.0,0.24,2.0,1.0
1479.0,9067.0,3044.0,25.0,18972.0,15301.0,,5.0,
1480.0,6188.0,2404.0,25.0,3368.0,3490.0,0.18,4.0,1.0
1481.0,2704.0,1298.0,21.0,16592.0,8123.0,0.8,1.0,1.0
1482.0,3167.0,2023.0,11.0,1436.0,4055.0,0.68,5.0,0.0
1483.0,2986.0,3401.0,16.0,3828.0,6013.0,0.55,5.0,0.0
1484.0,1322.0,3355.0,13.0,2556.0,4908.0,0.48,3.0,0.0
1485.0,4279.0,3293.0,13.0,14364.0,10602.0,0.92,3.0,1.0
1486.0,1771.0,3730.0,24.0,16061.0,12213.0,0.07,3.0,1.0
,5273.0,3978.0,1.0,,15795.0,0.28,3.0,0.0
1488.0,5304.0,3096.0,20.0,17566.0,,0.35,2.0,0.0
1489.0,2343.0,3653.0,24.0,8190.0,5821.0,0.78,4.0,1.0
1490.0,7006.0,3711.0,19.0,6565.0,7382.0,0.99,3.0,1.0
1491.0,7557.0,1188.0,10.0,16369.0,14255.0,0.24,0.0,1.0
1492.0,,4316.0,15.0,2589.0,13917.0,0.87,3.0,1.0
1493.0,3966.0,4226.0,18.0,1159.0,18159.0,0.83,4.0,1.0
1494.0,5844.0,4379.0,22.0,13145.0,2062.0,0.22,3.0,1.0
1495.0,3114.0,,5.0,16373.0,8182.0,0.4,2.0,0.0
1496.0,5168.0,4865.0,23.0,7555.0,4127.0,0.41,1.0,1.0
1497.0,6117.0,4163.0,18.0,17237.0,10820.0,0.98,,1.0
1498.0,8987.0,1133.0,4.0,10203.0,18441.0,0.18,4.0,1.0
1499.0,928.0,3798.0,25.0,9244.0,17648.0,0.8,1.0,1.0
1500.0,1565.0,3433.0,3.0,15743.0,14862.0,0.33,1.0,0.0
1501.0,4692.0,,14.0,14333.0,7574.0,0.73,0.0,1.0
1502.0,898.0,2055.0,28.0,14341.0,15960.0,0.42,,1.0
1503.0,7386.0,3256.0,3.0,19691.0,2030.0,0.58,4.0,1.0
1504.0,595.0,992.0,19.0,2228.0,9876.0,0.83,1.0,1.0
1505.0,7600.0,991.0,9.0,6590.0,4605.0,0.8,,1.0
1506.0,8282.0,2009.0,,6585.0,15515.0,0.87,1.0,1.0
1507.0,4371.0,2455.0,21.0,10227.0,6550.0,0.06,5.0,1.0
1508.0,4560.0,3810.0,2.0,,16427.0,0.69,,0.0
1509.0,2702.0,1807.0,,13237.0,14032.0,0.14,3.0,
1510.0,917.0,1184.0,4.0,16649.0,3935.0,0.42,2.0,0.0
1511.0,,3876.0,5.0,5945.0,7753.0,0.55,4.0,0.0
1512.0,5146.0,3580.0,20.0,8927.0,2346.0,0.4,0.0,0.0
1513.0,5686.0,719.0,21.0,13641.0,16257.0,0.52,3.0,1.0
1514.0,8535.0,790.0,7.0,16998.0,18278.0,1.0,0.0,1.0
1515.0,5180.0,,6.0,14386.0,3211.0,,5.0,1.0
1516.0,,3833.0,20.0,8016.0,14913.0,0.68,4.0,0.0
1517.0,4691.0,4644.0,9.0,15027.0,4945.0,0.4,5.0,0.0
1518.0,7392.0,1159.0,5.0,16920.0,3575.0,0.13,4.0,1.0
1519.0,5788.0,,13.0,14752.0,13993.0,0.16,0.0,1.0
1520.0,7851.0,4099.0,3.0,19268.0,13651.0,0.95,0.0,1.0
1521.0,3836.0,4673.0,27.0,19193.0,13870.0,0.88,0.0,1.0
1522.0,1367.0,3146.0,24.0,4167.0,4770.0,0.91,4.0,1.0
1523.0,1262.0,726.0,12.0,12989.0,14919.0,0.99,1.0,1.0
1524.0,2356.0,3424.0,19.0,15087.0,5131.0,0.21,0.0,
,8060.0,2453.0,16.0,3437.0,11095.0,0.36,5.0,1.0
1526.0,5361.0,3544.0,22.0,16275.0,2742.0,0.67,3.0,1.0
1527.0,5505.0,4165.0,6.0,6276.0,17375.0,0.48,4.0,0.0
1528.0,6741.0,2075.0,3.0,9859.0,14204.0,0.42,5.0,1.0
1529.0,4929.0,1963.0,28.0,,1661.0,0.36,2.0,1.0
1530.0,9548.0,720.0,13.0,5728.0,10075.0,0.59,2.0,1.0
1531.0,7530.0,1216.0,2.0,6738.0,17833.0,0.58,3.0,1.0
1532.0,5534.0,316.0,23.0,,4934.0,,1.0,1.0
1533.0,9124.0,2633.0,4.0,5523.0,12603.0,0.47,0.0,1.0
1534.0,4530.0,783.0,15.0,6571.0,16208.0,0.55,,1.0
1535.0,8210.0,594.0,25.0,17209.0,18220.0,0.57,5.0,1.0
1536.0,7001.0,3988.0,22.0,16246.0,17151.0,0.21,0.0,1.0
1537.0,5046.0,2968.0,19.0,11380.0,4931.0,0.74,5.0,0.0
1538.0,6931.0,4367.0,3.0,3224.0,12857.0,0.03,4.0,0.0
1539.0,7441.0,4060.0,23.0,9389.0,12149.0,0.35,2.0,1.0
1540.0,1153.0,473.0,29.0,16927.0,12286.0,0.78,0.0,1.0
1541.0,,2213.0,23.0,12684.0,6257.0,0.56,3.0,1.0
1542.0,7256.0,4633.0,1.0,11640.0,6879.0,0.26,1.0,0.0
1543.0,1742.0,1589.0,29.0,9662.0,13253.0,0.69,3.0,1.0
1544.0,5493.0,3766.0,17.0,,12958.0,0.57,1.0,0.0
,1391.0,4902.0,18.0,2948.0,16535.0,0.8,5.0,0.0
,6513.0,365.0,27.0,13091.0,16630.0,0.74,0.0,1.0
1547.0,7138.0,1767.0,27.0,12992.0,15925.0,0.61,0.0,1.0
1548.0,2881.0,928.0,18.0,7318.0,12705.0,0.49,1.0,1.0
1549.0,9609.0,2243.0,16.0,13180.0,13098.0,0.13,2.0,
1550.0,1740.0,4397.0,13.0,1234.0,2811.0,,4.0,0.0
1551.0,6372.0,3696.0,18.0,16372.0,4173.0,0.42,3.0,0.0
1552.0,5741.0,978.0,21.0,1522.0,11135.0,,5.0,1.0
,9780.0,413.0,23.0,13718.0,,0.51,3.0,1.0
1554.0,1565.0,3962.0,12.0,10821.0,15327.0,0.29,3.0,0.0
1555.0,8891.0,1776.0,11.0,6832.0,13573.0,0.01,5.0,1.0
1556.0,8902.0,2648.0,29.0,13820.0,2089.0,0.5,5.0,1.0
1557.0,7694.0,3136.0,25.0,17211.0,,0.29,0.0,1.0
1558.0,4512.0,3317.0,5.0,8122.0,,0.73,3.0,0.0
1559.0,1524.0,791.0,20.0,6842.0,14557.0,0.02,4.0,0.0
1560.0,9547.0,2920.0,3.0,2316.0,6262.0,0.58,4.0,1.0
1561.0,3341.0,913.0,18.0,14200.0,8457.0,0.94,,1.0
,,1135.0,15.0,18508.0,5720.0,,5.0,1.0
1563.0,3686.0,4537.0,12.0,16206.0,11145.0,0.47,,0.0
,2010.0,201.0,3.0,19971.0,9217.0,0.09,4.0,1.0
1565.0,6788.0,3048.0,29.0,2378.0,17960.0,0.63,2.0,1.0
1566.0,3123.0,4244.0,22.0,2519.0,6008.0,0.55,0.0,1.0
1567.0,5501.0,2149.0,16.0,8935.0,1487.0,,0.0,1.0
1568.0,4386.0,1117.0,22.0,7093.0,17713.0,0.52,4.0,
1569.0,9105.0,3374.0,0.0,6355.0,14023.0,0.9,2.0,1.0
1570.0,6177.0,2441.0,17.0,10083.0,,0.2,1.0,1.0
1571.0,4468.0,289.0,19.0,6574.0,10286.0,0.02,4.0,1.0
1572.0,4948.0,1909.0,16.0,14324.0,6894.0,0.86,2.0,1.0
1573.0,5049.0,2369.0,26.0,3257.0,8492.0,0.58,0.0,1.0
1574.0,9635.0,4438.0,27.0,14411.0,11888.0,0.89,2.0,1.0
1575.0,3909.0,3241.0,26.0,16233.0,3903.0,0.6,0.0,1.0
1576.0,9473.0,,14.0,16887.0,3240.0,0.81,4.0,1.0
1577.0,6819.0,1086.0,10.0,3005.0,7924.0,0.43,5.0,1.0
1578.0,8847.0,627.0,24.0,19400.0,18028.0,0.75,4.0,1.0
1579.0,9286.0,2095.0,27.0,11860.0,14831.0,0.91,3.0,1.0
1580.0,9776.0,516.0,21.0,11070.0,15336.0,0.57,3.0,1.0
1581.0,3272.0,834.0,12.0,10388.0,1246.0,0.18,3.0,1.0
1582.0,6730.0,2125.0,0.0,19156.0,4715.0,0.27,,1.0
1583.0,704.0,2256.0,16.0,19135.0,16587.0,0.2,1.0,0.0
1584.0,1414.0,3344.0,5.0,15609.0,18418.0,0.25,4.0,0.0
1585.0,1731.0,2470.0,3.0,17363.0,7387.0,0.31,5.0,
1586.0,7776.0,1639.0,19.0,17923.0,1026.0,0.56,2.0,1.0
1587.0,1023.0,752.0,15.0,15823.0,11951.0,0.59,4.0,0.0
1588.0,1128.0,915.0,14.0,18845.0,6358.0,0.43,4.0,0.0
1589.0,5229.0,4111.0,26.0,9547.0,12771.0,0.62,0.0,1.0
1590.0,333.0,1913.0,14.0,,986.0,0.08,0.0,0.0
1591.0,2305.0,3589.0,5.0,1234.0,15480.0,0.09,0.0,0.0
1592.0,3827.0,1307.0,14.0,15562.0,15359.0,0.17,4.0,1.0
1593.0,6516.0,4406.0,13.0,18932.0,11869.0,0.52,1.0,0.0
1594.0,2052.0,450.0,27.0,8480.0,3335.0,0.21,2.0,1.0
1595.0,5110.0,2630.0,10.0,5213.0,2732.0,0.28,2.0,0.0
1596.0,4375.0,,6.0,11293.0,2832.0,0.4,5.0,0.0
1597.0,5548.0,658.0,8.0,2673.0,2052.0,0.81,1.0,1.0
1598.0,9642.0,407.0,25.0,,6309.0,,1.0,1.0
1599.0,6390.0,1099.0,15.0,12849.0,5874.0,0.65,2.0,1.0
1600.0,1456.0,3661.0,4.0,19199.0,14700.0,0.67,3.0,0.0
1601.0,3576.0,3585.0,24.0,4841.0,15323.0,0.8,0.0,1.0
1602.0,5845.0,221.0,19.0,11197.0,2681.0,0.93,0.0,1.0
1603.0,3686.0,,28.0,9016.0,,0.02,2.0,1.0
1604.0,3784.0,1094.0,9.0,8011.0,2430.0,0.15,,1.0
1605.0,9788.0,714.0,17.0,5493.0,18758.0,0.89,5.0,1.0
1606.0,8253.0,4309.0,2.0,18058.0,14183.0,0.46,3.0,0.0
1607.0,3530.0,2334.0,12.0,9578.0,16952.0,0.56,2.0,0.0
1608.0,2903.0,3795.0,,3158.0,11884.0,0.66,0.0,0.0
1609.0,8862.0,3156.0,16.0,3064.0,2495.0,0.68,4.0,1.0
1610.0,8320.0,1760.0,29.0,4253.0,15621.0,0.93,1.0,1.0
1611.0,7314.0,1466.0,29.0,13828.0,4062.0,1.0,4.0,1.0
1612.0,1553.0,,21.0,2401.0,2245.0,0.72,5.0,1.0
1613.0,5263.0,3838.0,12.0,16193.0,17236.0,0.29,2.0,0.0
1614.0,8749.0,949.0,5.0,13096.0,10749.0,0.88,0.0,1.0
1615.0,7775.0,3627.0,16.0,5214.0,18850.0,0.05,3.0,1.0
1616.0,867.0,4980.0,26.0,12023.0,,0.23,4.0,1.0
1617.0,4668.0,2127.0,12.0,12950.0,1519.0,0.9,3.0,1.0
1618.0,,4004.0,18.0,,9397.0,0.26,5.0,1.0
1619.0,7019.0,3902.0,20.0,11343.0,7655.0,0.22,0.0,
1620.0,3919.0,2556.0,18.0,12867.0,9063.0,0.14,4.0,0.0
1621.0,2945.0,4990.0,9.0,3745.0,15320.0,0.86,5.0,1.0
1622.0,7683.0,2535.0,2.0,4866.0,12674.0,0.5,3.0,1.0
1623.0,739.0,506.0,13.0,12956.0,14879.0,0.67,3.0,0.0
1624.0,5164.0,3865.0,25.0,6818.0,17882.0,0.24,4.0,1.0
1625.0,5035.0,2189.0,18.0,19606.0,8043.0,0.76,0.0,1.0
1626.0,3975.0,861.0,4.0,17093.0,9818.0,0.76,3.0,1.0
1627.0,6242.0,4844.0,28.0,16493.0,17532.0,0.31,2.0,1.0
1628.0,7302.0,511.0,4.0,18908.0,12900.0,0.41,,1.0
1629.0,7512.0,3120.0,19.0,9224.0,17491.0,0.21,4.0,1.0
1630.0,5520.0,1282.0,,5025.0,5620.0,0.98,1.0,1.0
1631.0,6332.0,3171.0,20.0,19950.0,11801.0,0.65,1.0,0.0
1632.0,8091.0,954.0,9.0,7155.0,14707.0,0.93,0.0,1.0
1633.0,2979.0,4330.0,4.0,14839.0,12469.0,0.3,2.0,0.0
1634.0,1124.0,4740.0,3.0,1719.0,16716.0,0.78,3.0,0.0
1635.0,1781.0,552.0,5.0,15890.0,11678.0,0.77,1.0,1.0
1636.0,7914.0,1102.0,25.0,18356.0,3785.0,0.69,0.0,1.0
1637.0,3524.0,4088.0,,19591.0,8912.0,0.97,5.0,1.0
1638.0,5913.0,358.0,29.0,5426.0,9267.0,0.39,2.0,1.0
1639.0,7226.0,2177.0,6.0,13512.0,1136.0,0.13,2.0,
1640.0,455.0,1156.0,6.0,16064.0,10965.0,0.67,0.0,0.0
1641.0,5004.0,2271.0,17.0,14767.0,13568.0,0.73,0.0,1.0
1642.0,2038.0,603.0,2.0,12308.0,4768.0,0.58,3.0,1.0
1643.0,209.0,4811.0,0.0,12477.0,1710.0,0.21,0.0,0.0
1644.0,3071.0,2979.0,,13903.0,16432.0,0.5,3.0,1.0
1645.0,9189.0,1587.0,24.0,9680.0,17079.0,0.31,3.0,1.0
,7609.0,3653.0,3.0,3204.0,3929.0,0.43,4.0,1.0
1647.0,7618.0,1155.0,5.0,2102.0,6247.0,0.65,2.0,1.0
1648.0,5324.0,1912.0,8.0,6243.0,6929.0,0.75,5.0,1.0
1649.0,1215.0,4903.0,21.0,7614.0,6650.0,0.23,2.0,1.0
1650.0,2393.0,1473.0,13.0,17299.0,8246.0,0.41,2.0,0.0
1651.0,8615.0,4011.0,27.0,9707.0,12749.0,0.27,4.0,1.0
1652.0,7649.0,2825.0,11.0,14913.0,9319.0,0.2,3.0,1.0
1653.0,4358.0,2582.0,,1630.0,1114.0,0.78,3.0,1.0
1654.0,4125.0,1641.0,24.0,12908.0,12537.0,0.91,0.0,1.0
1655.0,7170.0,3179.0,19.0,11847.0,1934.0,0.37,4.0,1.0
1656.0,7138.0,1997.0,23.0,10171.0,11738.0,0.75,0.0,1.0
1657.0,4984.0,4590.0,24.0,13721.0,16388.0,0.9,4.0,1.0
1658.0,4200.0,4209.0,3.0,17661.0,9147.0,,0.0,1.0
1659.0,1833.0,1594.0,20.0,17616.0,6392.0,0.18,1.0,0.0
1660.0,,4481.0,29.0,10744.0,18908.0,0.96,2.0,1.0
1661.0,8902.0,1469.0,23.0,6690.0,,0.38,2.0,1.0
1662.0,584.0,4932.0,11.0,14401.0,11797.0,0.34,5.0,0.0
1663.0,604.0,3914.0,9.0,8659.0,1521.0,0.06,,0.0
,8375.0,729.0,29.0,11601.0,9904.0,0.49,5.0,1.0
1665.0,2200.0,3823.0,21.0,12704.0,,0.11,1.0,1.0
1666.0,6189.0,,27.0,1025.0,7551.0,0.25,5.0,1.0
1667.0,1660.0,3114.0,6.0,16384.0,17681.0,0.32,2.0,
1668.0,7390.0,3791.0,2.0,14705.0,2556.0,0.81,3.0,1.0
,7340.0,2347.0,22.0,9652.0,1917.0,0.88,1.0,1.0
1670.0,3836.0,4773.0,27.0,14379.0,12401.0,0.3,2.0,1.0
1671.0,5009.0,3569.0,13.0,8006.0,3628.0,0.86,0.0,1.0
1672.0,4378.0,1139.0,,19378.0,15796.0,0.86,4.0,1.0
1673.0,7445.0,725.0,9.0,9682.0,18831.0,0.76,1.0,1.0
1674.0,6800.0,201.0,15.0,2072.0,,0.15,3.0,1.0
,6197.0,,15.0,1215.0,7792.0,0.69,5.0,1.0
1676.0,2248.0,2540.0,21.0,10915.0,14578.0,0.95,5.0,1.0
1677.0,4980.0,4205.0,9.0,10784.0,7571.0,0.68,1.0,0.0
1678.0,916.0,3252.0,24.0,19990.0,17326.0,0.33,3.0,1.0
1679.0,8139.0,4848.0,12.0,15824.0,4235.0,0.5,1.0,0.0
1680.0,5765.0,2565.0,5.0,4313.0,7422.0,0.65,3.0,
1681.0,4744.0,1725.0,11.0,12033.0,13652.0,0.51,5.0,1.0
1682.0,5176.0,4676.0,8.0,10968.0,15606.0,,2.0,0.0
1683.0,3619.0,1846.0,12.0,17241.0,11423.0,0.31,0.0,0.0
1684.0,7439.0,,3.0,6939.0,,0.8,2.0,1.0
1685.0,9966.0,4799.0,23.0,15696.0,3496.0,,0.0,1.0
1686.0,449.0,2478.0,10.0,15794.0,2517.0,0.14,5.0,0.0
1687.0,9065.0,3355.0,19.0,3295.0,10059.0,,,1.0
1688.0,970.0,329.0,17.0,2696.0,3586.0,0.33,,1.0
1689.0,4563.0,4014.0,,12185.0,14954.0,0.66,1.0,
1690.0,1277.0,3416.0,10.0,19330.0,14209.0,0.75,4.0,0.0
1691.0,8627.0,3138.0,24.0,13001.0,4591.0,0.81,5.0,1.0
1692.0,8780.0,4128.0,20.0,15350.0,4671.0,0.95,3.0,1.0
1693.0,8101.0,,3.0,4644.0,2606.0,0.31,5.0,1.0
1694.0,5058.0,227.0,17.0,7420.0,18688.0,0.86,3.0,1.0
1695.0,6744.0,,0.0,12837.0,14104.0,0.13,,1.0
1696.0,4919.0,1452.0,26.0,7353.0,18874.0,0.71,0.0,1.0
1697.0,3014.0,4556.0,6.0,11541.0,,0.74,3.0,0.0
1698.0,3574.0,2246.0,5.0,2932.0,,0.68,3.0,
1699.0,1452.0,4755.0,14.0,12486.0,16861.0,0.25,1.0,0.0
1700.0,7196.0,4223.0,17.0,2757.0,15998.0,0.87,2.0,1.0
1701.0,4873.0,4596.0,23.0,6085.0,18688.0,0.17,5.0,1.0
,4730.0,3574.0,10.0,6637.0,11455.0,0.05,5.0,0.0
1703.0,7081.0,3666.0,19.0,2116.0,9724.0,0.72,3.0,0.0
1704.0,7149.0,3281.0,23.0,11759.0,10740.0,0.48,4.0,1.0
1705.0,9721.0,3978.0,14.0,12691.0,4724.0,0.85,5.0,1.0
1706.0,6441.0,829.0,15.0,1492.0,10583.0,0.38,3.0,1.0
1707.0,8217.0,469.0,6.0,9811.0,5285.0,0.17,0.0,1.0
1708.0,7141.0,2839.0,20.0,7474.0,13429.0,0.84,,1.0
1709.0,9750.0,2193.0,9.0,15385.0,14033.0,0.55,0.0,1.0
1710.0,7202.0,3091.0,25.0,10738.0,13701.0,0.19,3.0,1.0
1711.0,1531.0,3632.0,11.0,14979.0,991.0,0.72,1.0,0.0
1712.0,4461.0,1480.0,23.0,12755.0,5717.0,0.51,,1.0
1713.0,7848.0,2560.0,13.0,,6631.0,0.6,3.0,1.0
1714.0,9750.0,,24.0,15607.0,10960.0,0.46,1.0,1.0
1715.0,5315.0,1507.0,4.0,13867.0,14482.0,0.83,1.0,1.0
1716.0,4837.0,3392.0,25.0,,,0.83,5.0,1.0
1717.0,5054.0,3378.0,20.0,16449.0,2674.0,0.71,3.0,0.0
1718.0,3377.0,2934.0,17.0,11685.0,9862.0,0.11,3.0,0.0
1719.0,7930.0,2412.0,4.0,6451.0,5563.0,0.84,1.0,1.0
1720.0,2380.0,2552.0,2.0,9548.0,11034.0,0.67,1.0,0.0
1721.0,,3768.0,22.0,8186.0,10021.0,0.7,1.0,1.0
1722.0,7243.0,,25.0,7102.0,12210.0,0.36,5.0,1.0
1723.0,,,4.0,1619.0,15319.0,0.88,3.0,1.0
1724.0,6527.0,2403.0,23.0,1882.0,1851.0,0.73,1.0,1.0
1725.0,3672.0,1590.0,16.0,4642.0,13025.0,0.11,0.0,1.0
1726.0,,1942.0,18.0,2296.0,10565.0,0.41,3.0,1.0
1727.0,3032.0,2125.0,18.0,15122.0,12182.0,0.89,5.0,1.0
1728.0,3779.0,819.0,,3895.0,13380.0,0.05,0.0,1.0
1729.0,6171.0,1474.0,20.0,18313.0,12789.0,0.96,2.0,1.0
1730.0,4364.0,1156.0,,6366.0,12739.0,0.68,3.0,1.0
,8141.0,2139.0,24.0,9711.0,1107.0,0.63,2.0,1.0
1732.0,,4153.0,28.0,19793.0,4159.0,0.27,1.0,1.0
1733.0,4500.0,2581.0,8.0,9199.0,3976.0,0.25,,0.0
1734.0,6469.0,1168.0,0.0,11717.0,2051.0,0.94,1.0,1.0
1735.0,4018.0,1516.0,17.0,4423.0,6166.0,,5.0,1.0
1736.0,2106.0,1243.0,20.0,11211.0,18701.0,0.78,4.0,0.0
1737.0,6454.0,481.0,3.0,13782.0,7026.0,0.39,1.0,1.0
1738.0,960.0,3044.0,9.0,13474.0,15130.0,0.14,2.0,0.0
1739.0,8030.0,1258.0,24.0,4667.0,5691.0,0.01,5.0,1.0
1740.0,7550.0,4493.0,6.0,9277.0,5792.0,0.54,1.0,0.0
1741.0,6438.0,2732.0,21.0,13424.0,2761.0,0.98,3.0,1.0
1742.0,6290.0,4028.0,22.0,19852.0,,0.37,5.0,1.0
1743.0,,1208.0,0.0,19020.0,11648.0,0.36,5.0,1.0
1744.0,7887.0,1429.0,16.0,9155.0,14055.0,0.34,1.0,1.0
1745.0,9291.0,1235.0,23.0,4583.0,5367.0,,4.0,1.0
1746.0,8672.0,4785.0,28.0,16515.0,16879.0,0.44,1.0,1.0
1747.0,2087.0,475.0,28.0,5009.0,7313.0,0.88,2.0,1.0
,3466.0,2940.0,1.0,11410.0,16035.0,0.51,2.0,0.0
1749.0,866.0,2489.0,27.0,19601.0,12555.0,,5.0,1.0
1750.0,4388.0,1439.0,25.0,5967.0,11951.0,0.14,5.0,1.0
1751.0,,325.0,10.0,19753.0,17367.0,,1.0,1.0
1752.0,6977.0,4265.0,8.0,11695.0,4158.0,0.25,2.0,0.0
1753.0,7770.0,4512.0,6.0,10135.0,10390.0,0.07,2.0,0.0
1754.0,8156.0,4068.0,21.0,6722.0,11788.0,0.66,4.0,1.0
1755.0,5324.0,1408.0,16.0,16514.0,8478.0,0.6,3.0,1.0
1756.0,5785.0,3449.0,16.0,12128.0,6498.0,0.42,4.0,0.0
1757.0,4977.0,1118.0,1.0,5444.0,2073.0,0.42,0.0,1.0
1758.0,,4123.0,5.0,8618.0,12041.0,0.79,4.0,0.0
1759.0,6877.0,4603.0,13.0,19060.0,18280.0,0.2,1.0,0.0
1760.0,7181.0,2169.0,5.0,2196.0,10297.0,0.82,3.0,1.0
1761.0,,2993.0,1.0,13297.0,9907.0,0.65,1.0,1.0
1762.0,723.0,1091.0,0.0,3787.0,12073.0,0.42,0.0,0.0
1763.0,2593.0,4670.0,9.0,8927.0,8802.0,0.46,3.0,0.0
1764.0,,2233.0,20.0,3176.0,,0.26,5.0,0.0
1765.0,7440.0,1564.0,,9792.0,10020.0,0.75,2.0,1.0
,7137.0,328.0,1.0,10171.0,11503.0,0.51,4.0,1.0
1767.0,6390.0,1214.0,21.0,3451.0,16272.0,0.32,1.0,1.0
1768.0,5440.0,,15.0,1628.0,17454.0,0.6,0.0,1.0
1769.0,6693.0,4812.0,24.0,10821.0,18370.0,1.0,2.0,1.0
1770.0,,1718.0,1.0,8778.0,13192.0,0.44,4.0,0.0
1771.0,4343.0,4381.0,9.0,,12756.0,0.92,2.0,1.0
1772.0,,1398.0,1.0,13972.0,16441.0,0.35,4.0,1.0
1773.0,4632.0,4073.0,15.0,9307.0,14798.0,,5.0,0.0
1774.0,1476.0,2674.0,,5956.0,7105.0,0.2,,0.0
1775.0,6011.0,,18.0,11195.0,,0.42,2.0,0.0
1776.0,502.0,4249.0,28.0,18076.0,7795.0,0.22,2.0,1.0
1777.0,838.0,3919.0,6.0,2105.0,13227.0,0.0,2.0,0.0
1778.0,255.0,502.0,21.0,19545.0,14582.0,0.92,3.0,1.0
1779.0,8917.0,4152.0,,16417.0,3030.0,0.84,,1.0
1780.0,8350.0,4883.0,23.0,15188.0,7311.0,0.74,4.0,1.0
1781.0,2325.0,1186.0,14.0,13602.0,17312.0,0.17,5.0,0.0
1782.0,564.0,2063.0,7.0,10256.0,10261.0,0.12,2.0,0.0
1783.0,,4640.0,5.0,15212.0,5565.0,0.07,3.0,0.0
1784.0,4821.0,3272.0,27.0,2913.0,14072.0,0.72,0.0,1.0
1785.0,5326.0,,,11593.0,6352.0,0.93,4.0,1.0
1786.0,,1527.0,9.0,2772.0,1427.0,0.43,3.0,1.0
1787.0,1846.0,2608.0,2.0,13996.0,12789.0,0.12,5.0,0.0
1788.0,1118.0,3873.0,18.0,3871.0,14580.0,0.51,5.0,0.0
1789.0,2997.0,3491.0,16.0,14234.0,7389.0,0.35,4.0,0.0
1790.0,6706.0,4233.0,6.0,,2844.0,0.37,2.0,0.0
1791.0,6070.0,903.0,20.0,11521.0,,0.62,5.0,1.0
1792.0,1731.0,774.0,19.0,11642.0,6684.0,0.72,0.0,1.0
1793.0,8372.0,3432.0,25.0,2132.0,8985.0,0.11,3.0,1.0
1794.0,3545.0,4983.0,3.0,1699.0,1049.0,0.04,0.0,0.0
1795.0,7873.0,2832.0,13.0,15534.0,18158.0,0.99,2.0,1.0
1796.0,7149.0,4028.0,19.0,11230.0,,0.23,0.0,0.0
1797.0,7082.0,3430.0,21.0,7297.0,17060.0,0.05,0.0,1.0
1798.0,2106.0,688.0,14.0,13839.0,,0.19,1.0,1.0
1799.0,3286.0,1547.0,23.0,8812.0,8079.0,0.04,0.0,1.0
1800.0,8352.0,3881.0,7.0,,9462.0,0.39,4.0,1.0
1801.0,5950.0,3373.0,20.0,3179.0,2787.0,0.8,3.0,0.0
1802.0,9105.0,4789.0,14.0,,17274.0,,1.0,0.0
,1262.0,1867.0,21.0,10065.0,13748.0,0.44,3.0,1.0
1804.0,2176.0,1837.0,19.0,9275.0,,0.68,,0.0
1805.0,1496.0,4314.0,27.0,,3573.0,0.51,,1.0
,6429.0,3753.0,13.0,16089.0,13959.0,0.86,2.0,1.0
1807.0,7841.0,1200.0,26.0,4180.0,10678.0,0.87,1.0,1.0
1808.0,325.0,1050.0,28.0,7696.0,10978.0,0.01,5.0,1.0
1809.0,4832.0,1588.0,8.0,10583.0,11177.0,0.78,2.0,1.0
1810.0,6488.0,3912.0,7.0,17998.0,8147.0,0.46,2.0,0.0
1811.0,3796.0,1567.0,25.0,,1808.0,0.99,2.0,1.0
1812.0,6368.0,1021.0,27.0,12757.0,4583.0,0.48,3.0,1.0
1813.0,9995.0,654.0,25.0,17654.0,5098.0,0.99,1.0,1.0
1814.0,7761.0,1824.0,16.0,13258.0,5468.0,0.75,3.0,1.0
1815.0,8458.0,2972.0,1.0,3468.0,2852.0,0.25,4.0,1.0
1816.0,432.0,3926.0,,15208.0,2516.0,0.54,3.0,1.0
1817.0,9561.0,3347.0,23.0,16042.0,1110.0,0.99,,1.0
1818.0,6571.0,4289.0,29.0,16639.0,,0.86,,1.0
1819.0,4406.0,2390.0,2.0,12546.0,2060.0,0.1,0.0,0.0
1820.0,9885.0,1116.0,7.0,13327.0,13957.0,0.71,4.0,1.0
1821.0,8143.0,4186.0,,15270.0,12260.0,0.35,4.0,0.0
1822.0,7091.0,3075.0,,16523.0,17768.0,,3.0,1.0
1823.0,6938.0,1640.0,9.0,15300.0,14811.0,0.4,4.0,1.0
1824.0,2672.0,4600.0,,11775.0,3666.0,0.23,1.0,0.0
1825.0,2939.0,935.0,2.0,13265.0,15165.0,0.82,,
1826.0,5601.0,3768.0,5.0,17673.0,6698.0,0.34,0.0,
1827.0,1961.0,3538.0,6.0,7614.0,7051.0,0.83,5.0,1.0
1828.0,1076.0,3215.0,19.0,4252.0,5739.0,0.0,4.0,0.0
1829.0,4012.0,3089.0,22.0,8415.0,4806.0,0.31,2.0,1.0
1830.0,9704.0,1161.0,24.0,17662.0,2425.0,0.24,2.0,1.0
1831.0,1660.0,3189.0,26.0,12116.0,11756.0,0.23,4.0,1.0
1832.0,1933.0,4048.0,,17964.0,18074.0,0.07,1.0,0.0
1833.0,1805.0,1226.0,10.0,5958.0,6878.0,0.19,2.0,0.0
1834.0,5822.0,4065.0,18.0,5276.0,9723.0,0.56,5.0,0.0
1835.0,6967.0,,4.0,5776.0,4761.0,0.29,4.0,1.0
1836.0,,2701.0,18.0,18208.0,9606.0,0.42,1.0,1.0
1837.0,3717.0,2147.0,10.0,4832.0,18903.0,0.38,1.0,0.0
1838.0,3935.0,1377.0,23.0,15901.0,14358.0,0.88,3.0,1.0
1839.0,9552.0,,11.0,6445.0,7486.0,0.91,1.0,1.0
1840.0,8634.0,211.0,9.0,2380.0,2387.0,0.49,2.0,1.0
1841.0,2790.0,4599.0,7.0,10865.0,10603.0,0.33,2.0,0.0
1842.0,1263.0,3564.0,23.0,,18080.0,0.11,4.0,1.0
1843.0,4524.0,3222.0,27.0,12580.0,11150.0,0.95,4.0,1.0
1844.0,9311.0,,27.0,,12254.0,0.06,1.0,1.0
1845.0,5542.0,,8.0,6810.0,16649.0,0.3,5.0,0.0
1846.0,205.0,242.0,3.0,11179.0,7637.0,0.3,0.0,0.0
1847.0,7689.0,1143.0,4.0,13251.0,2249.0,0.32,3.0,1.0
1848.0,8859.0,2590.0,20.0,14131.0,6254.0,0.16,0.0,1.0
1849.0,8395.0,2745.0,7.0,,10224.0,0.78,,1.0
1850.0,6166.0,2611.0,22.0,19233.0,4917.0,0.12,1.0,1.0
1851.0,9037.0,1204.0,8.0,3749.0,9669.0,0.63,0.0,1.0
1852.0,317.0,220.0,14.0,14156.0,11650.0,0.12,3.0,0.0
1853.0,2751.0,,14.0,17589.0,15143.0,0.07,0.0,1.0
1854.0,5760.0,1214.0,15.0,4450.0,,0.91,4.0,1.0
1855.0,4489.0,4631.0,13.0,8214.0,5424.0,0.19,2.0,0.0
1856.0,1046.0,2038.0,7.0,12814.0,9648.0,0.82,5.0,
1857.0,6516.0,3388.0,17.0,6141.0,17349.0,0.54,4.0,0.0
1858.0,6669.0,914.0,9.0,3708.0,13936.0,0.08,2.0,1.0
1859.0,9533.0,4346.0,27.0,19375.0,1389.0,0.96,5.0,1.0
1860.0,9115.0,4054.0,19.0,16088.0,7309.0,0.25,5.0,1.0
1861.0,424.0,4619.0,,12834.0,8493.0,0.86,5.0,1.0
1862.0,4408.0,340.0,11.0,13278.0,10254.0,0.17,1.0,1.0
1863.0,6483.0,4765.0,1.0,11014.0,17255.0,0.85,5.0,1.0
1864.0,2248.0,1163.0,6.0,4273.0,12508.0,0.01,3.0,0.0
1865.0,6433.0,572.0,15.0,15367.0,13742.0,0.51,0.0,1.0
1866.0,9965.0,3835.0,2.0,5538.0,17452.0,0.77,3.0,1.0
1867.0,2028.0,2741.0,12.0,13541.0,10768.0,0.93,0.0,1.0
1868.0,2117.0,3810.0,2.0,9712.0,3262.0,0.91,4.0,1.0
1869.0,4434.0,1892.0,26.0,10168.0,10260.0,0.82,4.0,1.0
1870.0,7188.0,305.0,17.0,4551.0,1815.0,0.89,,1.0
,2226.0,1881.0,10.0,13297.0,10075.0,0.2,3.0,0.0
1872.0,3944.0,4297.0,7.0,11965.0,,0.28,0.0,0.0
1873.0,9293.0,4216.0,5.0,3832.0,1206.0,0.29,5.0,1.0
1874.0,209.0,,0.0,14422.0,8184.0,0.38,1.0,0.0
1875.0,460.0,2337.0,27.0,1152.0,12068.0,0.39,4.0,1.0
1876.0,6238.0,3616.0,0.0,12156.0,18169.0,0.54,1.0,0.0
1877.0,2419.0,4645.0,22.0,12108.0,12595.0,0.16,5.0,1.0
1878.0,7241.0,3730.0,7.0,3800.0,,0.69,5.0,0.0
1879.0,2260.0,1486.0,4.0,6310.0,9701.0,0.17,4.0,0.0
1880.0,5487.0,3379.0,27.0,10944.0,3418.0,0.31,4.0,1.0
1881.0,1819.0,3854.0,15.0,,10403.0,0.5,5.0,0.0
1882.0,8712.0,2559.0,10.0,13067.0,7728.0,0.8,2.0,1.0
1883.0,1542.0,644.0,4.0,2104.0,6168.0,0.74,1.0,1.0
1884.0,3032.0,235.0,3.0,11728.0,5421.0,0.65,1.0,1.0
1885.0,3024.0,1675.0,29.0,,15519.0,0.16,2.0,1.0
1886.0,2194.0,4157.0,5.0,2914.0,11926.0,0.55,3.0,0.0
1887.0,3690.0,1998.0,13.0,1406.0,8366.0,0.09,1.0,
1888.0,9510.0,2045.0,21.0,14689.0,13106.0,0.38,0.0,1.0
1889.0,8184.0,1608.0,18.0,1166.0,15886.0,0.41,5.0,1.0
1890.0,1804.0,1908.0,8.0,1508.0,18187.0,0.04,5.0,0.0
1891.0,435.0,3138.0,11.0,19045.0,18819.0,0.27,2.0,0.0
1892.0,2108.0,1500.0,10.0,4664.0,10690.0,0.96,1.0,1.0
1893.0,8767.0,1443.0,13.0,14050.0,8895.0,0.95,3.0,1.0
1894.0,3730.0,4176.0,22.0,1680.0,13519.0,0.35,1.0,
,5456.0,3297.0,15.0,19908.0,11083.0,0.04,5.0,0.0
1896.0,2835.0,4816.0,0.0,19504.0,15031.0,0.18,4.0,0.0
1897.0,8362.0,209.0,12.0,5357.0,15498.0,0.39,0.0,1.0
1898.0,9962.0,2625.0,22.0,,18257.0,0.95,2.0,1.0
1899.0,2760.0,1860.0,20.0,10523.0,5984.0,0.14,4.0,
1900.0,5615.0,2831.0,20.0,3292.0,3202.0,0.76,3.0,0.0
1901.0,3591.0,1272.0,29.0,2538.0,5695.0,0.11,4.0,1.0
1902.0,6151.0,,,4408.0,12204.0,0.98,4.0,1.0
1903.0,5668.0,,1.0,9752.0,15961.0,0.38,3.0,1.0
,8207.0,4345.0,3.0,19287.0,10143.0,0.78,4.0,0.0
1905.0,,3883.0,27.0,1174.0,11437.0,0.34,2.0,1.0
1906.0,9644.0,3473.0,5.0,3230.0,2756.0,0.63,5.0,1.0
1907.0,6613.0,345.0,25.0,5287.0,7823.0,0.19,1.0,1.0
1908.0,7141.0,3240.0,26.0,13112.0,14862.0,0.15,4.0,1.0
1909.0,9706.0,1662.0,22.0,8106.0,15133.0,0.94,2.0,1.0
1910.0,5020.0,4876.0,26.0,10689.0,4707.0,0.92,1.0,1.0
1911.0,3098.0,1784.0,4.0,13046.0,1607.0,0.89,1.0,1.0
1912.0,7746.0,682.0,24.0,,14831.0,0.63,,1.0
1913.0,277.0,3379.0,2.0,,5627.0,0.81,2.0,1.0
1914.0,7777.0,1449.0,0.0,8619.0,14499.0,0.07,5.0,1.0
1915.0,4427.0,4968.0,3.0,7033.0,5324.0,0.33,4.0,0.0
1916.0,800.0,830.0,24.0,9560.0,15993.0,0.31,3.0,1.0
1917.0,1265.0,861.0,19.0,5946.0,17023.0,0.64,1.0,0.0
1918.0,2336.0,3703.0,1.0,2907.0,6113.0,0.36,4.0,0.0
1919.0,9710.0,3052.0,25.0,4490.0,14398.0,0.15,1.0,1.0
1920.0,7143.0,2666.0,29.0,19919.0,13858.0,0.6,2.0,1.0
1921.0,8004.0,1187.0,29.0,,17941.0,0.81,0.0,1.0
,6765.0,1746.0,4.0,12065.0,5687.0,0.38,4.0,1.0
1923.0,6184.0,849.0,2.0,18677.0,4654.0,0.13,5.0,1.0
1924.0,5342.0,1168.0,28.0,5769.0,13258.0,0.2,4.0,1.0
1925.0,4870.0,2837.0,27.0,5796.0,,0.24,1.0,1.0
1926.0,2390.0,1300.0,28.0,14046.0,4358.0,0.3,2.0,1.0
1927.0,9384.0,640.0,8.0,15211.0,10572.0,0.64,3.0,1.0
1928.0,2912.0,969.0,19.0,5997.0,18145.0,0.6,,
1929.0,2392.0,1543.0,5.0,18376.0,4375.0,0.7,2.0,0.0
,1448.0,4558.0,17.0,9112.0,,0.36,4.0,0.0
1931.0,4233.0,3929.0,5.0,6287.0,4998.0,0.82,3.0,1.0
1932.0,2197.0,4106.0,,11578.0,,,2.0,0.0
1933.0,3887.0,1777.0,27.0,19624.0,7919.0,0.47,0.0,1.0
1934.0,,4208.0,11.0,18860.0,10473.0,0.8,5.0,0.0
1935.0,2170.0,,24.0,7426.0,6116.0,0.18,1.0,1.0
1936.0,8589.0,4995.0,10.0,12599.0,17044.0,,2.0,0.0
,5965.0,2549.0,1.0,1389.0,17606.0,0.88,2.0,1.0
1938.0,1402.0,3802.0,14.0,1999.0,12673.0,,0.0,0.0
,8335.0,1441.0,11.0,13812.0,5066.0,0.68,4.0,1.0
1940.0,5767.0,1325.0,11.0,16599.0,8349.0,0.03,5.0,1.0
1941.0,7867.0,2801.0,8.0,2855.0,11389.0,0.69,5.0,1.0
,5942.0,1390.0,20.0,9125.0,2457.0,0.32,1.0,1.0
1943.0,5988.0,4331.0,23.0,14794.0,7563.0,0.06,2.0,1.0
1944.0,5608.0,,1.0,3763.0,3964.0,0.61,3.0,0.0
1945.0,8869.0,272.0,21.0,5986.0,9279.0,0.24,2.0,1.0
1946.0,9646.0,2114.0,2.0,2481.0,6537.0,0.39,1.0,1.0
1947.0,1122.0,2672.0,,4731.0,18631.0,0.08,2.0,0.0
1948.0,619.0,3246.0,27.0,17835.0,6809.0,0.15,0.0,1.0
1949.0,2404.0,907.0,29.0,18266.0,17791.0,0.3,2.0,1.0
1950.0,1320.0,2004.0,25.0,11758.0,5352.0,0.09,2.0,1.0
,1150.0,3913.0,15.0,17311.0,18948.0,0.91,3.0,1.0
1952.0,2536.0,2764.0,20.0,9566.0,10217.0,0.01,0.0,0.0
1953.0,5573.0,2675.0,27.0,12889.0,10021.0,,0.0,1.0
1954.0,2443.0,3810.0,23.0,12254.0,3471.0,0.12,2.0,1.0
1955.0,2845.0,4455.0,25.0,12442.0,7319.0,0.31,5.0,1.0
1956.0,4812.0,,29.0,14521.0,4762.0,0.93,3.0,1.0
1957.0,2065.0,1935.0,,5559.0,13534.0,0.16,2.0,0.0
1958.0,6228.0,1785.0,20.0,17199.0,,0.97,2.0,1.0
1959.0,7526.0,266.0,2.0,8291.0,4522.0,0.21,1.0,
1960.0,6571.0,3261.0,19.0,9160.0,,0.74,1.0,1.0
1961.0,6559.0,2628.0,1.0,1112.0,8063.0,0.55,5.0,1.0
1962.0,8063.0,4353.0,8.0,16924.0,14499.0,0.88,,1.0
1963.0,3428.0,541.0,18.0,17523.0,11888.0,0.55,4.0,1.0
1964.0,3919.0,2974.0,14.0,2424.0,1608.0,0.53,1.0,0.0
1965.0,,3017.0,17.0,11808.0,9970.0,0.2,4.0,0.0
1966.0,3091.0,2861.0,25.0,7043.0,17060.0,,0.0,1.0
1967.0,3956.0,1432.0,10.0,7989.0,17909.0,0.92,1.0,1.0
1968.0,4425.0,4074.0,24.0,7261.0,11493.0,0.33,,1.0
1969.0,294.0,2601.0,22.0,1887.0,8501.0,0.37,3.0,1.0
1970.0,2874.0,1694.0,15.0,17433.0,18400.0,0.76,5.0,0.0
1971.0,7098.0,4411.0,21.0,17402.0,14991.0,0.34,4.0,1.0
1972.0,993.0,861.0,16.0,13253.0,18156.0,0.95,1.0,1.0
1973.0,2316.0,4083.0,4.0,19990.0,14504.0,0.74,1.0,0.0
1974.0,5979.0,3819.0,11.0,8846.0,2923.0,0.6,3.0,0.0
1975.0,6366.0,2068.0,10.0,7432.0,12333.0,0.88,3.0,1.0
1976.0,1014.0,2534.0,29.0,14452.0,17408.0,0.05,5.0,1.0
1977.0,545.0,3574.0,14.0,14395.0,15248.0,0.26,4.0,0.0
1978.0,8754.0,1216.0,26.0,4765.0,15386.0,0.47,0.0,1.0
1979.0,2643.0,4606.0,2.0,19822.0,2614.0,0.23,,0.0
1980.0,7983.0,407.0,0.0,16950.0,13801.0,0.74,0.0,1.0
1981.0,1184.0,2865.0,19.0,13502.0,18290.0,0.92,2.0,1.0
1982.0,7990.0,2693.0,28.0,10741.0,17308.0,0.42,1.0,1.0
1983.0,1027.0,832.0,15.0,6941.0,14180.0,0.34,4.0,0.0
1984.0,3731.0,2302.0,1.0,5855.0,16206.0,0.96,5.0,1.0
1985.0,7347.0,3159.0,1.0,16166.0,3731.0,0.44,1.0,1.0
1986.0,4651.0,3283.0,2.0,6788.0,14367.0,0.49,4.0,0.0
1987.0,4076.0,4952.0,7.0,1201.0,14838.0,0.35,4.0,0.0
1988.0,6159.0,2131.0,23.0,11561.0,13117.0,0.91,4.0,1.0
,326.0,3919.0,27.0,17901.0,3771.0,0.57,1.0,1.0
,3377.0,2762.0,14.0,8737.0,2817.0,,5.0,0.0
1991.0,8995.0,1879.0,6.0,2988.0,3215.0,0.81,3.0,1.0
1992.0,6224.0,436.0,5.0,16441.0,2409.0,0.34,1.0,1.0
,5309.0,4643.0,8.0,12737.0,1517.0,0.43,4.0,0.0
1994.0,4346.0,4925.0,19.0,,13462.0,0.85,5.0,1.0
1995.0,7396.0,1740.0,27.0,8162.0,7582.0,0.36,2.0,1.0
1996.0,3568.0,4143.0,0.0,14065.0,1848.0,0.79,0.0,0.0
,3997.0,563.0,7.0,15114.0,12418.0,0.94,4.0,1.0
1998.0,1992.0,2568.0,22.0,9399.0,9107.0,0.62,2.0,1.0
1999.0,5932.0,485.0,22.0,6633.0,8705.0,0.74,3.0,1.0
2000.0,3676.0,348.0,2.0,6755.0,10793.0,0.81,4.0,1.0
